"Fleet","Fleet_name","Area","Seas","Obs","Exp","SE","SE_input","year","model_run","iteration","scenario"
1,"Comm",1,1,82.6659,88.2219,0.13,0.13,1,"em","1","opaka-sim"
1,"Comm",1,1,92.5361,85.61,0.13,0.13,2,"em","1","opaka-sim"
1,"Comm",1,1,72.657,83.2109,0.13,0.13,3,"em","1","opaka-sim"
1,"Comm",1,1,78.5706,82.6955,0.13,0.13,4,"em","1","opaka-sim"
1,"Comm",1,1,91.4407,82.3341,0.13,0.13,5,"em","1","opaka-sim"
1,"Comm",1,1,81.6606,81.2828,0.13,0.13,6,"em","1","opaka-sim"
1,"Comm",1,1,84.4139,79.8917,0.13,0.13,7,"em","1","opaka-sim"
1,"Comm",1,1,78.2902,76.9241,0.13,0.13,8,"em","1","opaka-sim"
1,"Comm",1,1,73.401,73.8469,0.13,0.13,9,"em","1","opaka-sim"
1,"Comm",1,1,79.0623,70.8387,0.13,0.13,10,"em","1","opaka-sim"
1,"Comm",1,1,77.05,67.7611,0.13,0.13,11,"em","1","opaka-sim"
1,"Comm",1,1,52.0899,65.0726,0.13,0.13,12,"em","1","opaka-sim"
1,"Comm",1,1,59.0844,63.3464,0.13,0.13,13,"em","1","opaka-sim"
1,"Comm",1,1,55.5498,62.8999,0.13,0.13,14,"em","1","opaka-sim"
1,"Comm",1,1,68.2672,62.7339,0.13,0.13,15,"em","1","opaka-sim"
1,"Comm",1,1,63.8337,62.2403,0.13,0.13,16,"em","1","opaka-sim"
1,"Comm",1,1,61.7593,61.852,0.13,0.13,17,"em","1","opaka-sim"
1,"Comm",1,1,56.5945,61.6483,0.13,0.13,18,"em","1","opaka-sim"
1,"Comm",1,1,69.3262,61.486,0.13,0.13,19,"em","1","opaka-sim"
1,"Comm",1,1,63.535,60.5261,0.13,0.13,20,"em","1","opaka-sim"
1,"Comm",1,1,63.8577,58.8244,0.13,0.13,21,"em","1","opaka-sim"
1,"Comm",1,1,46.6372,56.873,0.13,0.13,22,"em","1","opaka-sim"
1,"Comm",1,1,56.926,55.4481,0.13,0.13,23,"em","1","opaka-sim"
1,"Comm",1,1,56.1714,54.0636,0.13,0.13,24,"em","1","opaka-sim"
1,"Comm",1,1,54.1095,52.3949,0.13,0.13,25,"em","1","opaka-sim"
1,"Comm",1,1,51.7437,50.4019,0.13,0.13,26,"em","1","opaka-sim"
1,"Comm",1,1,52.0807,48.2609,0.13,0.13,27,"em","1","opaka-sim"
1,"Comm",1,1,39.0906,46.5611,0.13,0.13,28,"em","1","opaka-sim"
1,"Comm",1,1,55.6732,45.3692,0.13,0.13,29,"em","1","opaka-sim"
1,"Comm",1,1,38.6772,44.1533,0.13,0.13,30,"em","1","opaka-sim"
1,"Comm",1,1,43.9686,43.3814,0.13,0.13,31,"em","1","opaka-sim"
1,"Comm",1,1,39.5716,42.8707,0.13,0.13,32,"em","1","opaka-sim"
1,"Comm",1,1,45.8633,42.4903,0.13,0.13,33,"em","1","opaka-sim"
1,"Comm",1,1,35.5931,41.9924,0.13,0.13,34,"em","1","opaka-sim"
1,"Comm",1,1,52.1552,41.9199,0.13,0.13,35,"em","1","opaka-sim"
1,"Comm",1,1,35.7063,41.876,0.13,0.13,36,"em","1","opaka-sim"
1,"Comm",1,1,43.0572,42.7049,0.13,0.13,37,"em","1","opaka-sim"
1,"Comm",1,1,43.336,43.6553,0.13,0.13,38,"em","1","opaka-sim"
1,"Comm",1,1,41.4733,44.5789,0.13,0.13,39,"em","1","opaka-sim"
1,"Comm",1,1,46.9505,46.2568,0.13,0.13,40,"em","1","opaka-sim"
1,"Comm",1,1,60.3211,47.181,0.13,0.13,41,"em","1","opaka-sim"
1,"Comm",1,1,44.4117,46.3643,0.13,0.13,42,"em","1","opaka-sim"
1,"Comm",1,1,42.7007,45.5742,0.13,0.13,43,"em","1","opaka-sim"
1,"Comm",1,1,44.2861,45.2278,0.13,0.13,44,"em","1","opaka-sim"
1,"Comm",1,1,46.967,44.9584,0.13,0.13,45,"em","1","opaka-sim"
1,"Comm",1,1,39.0039,43.782,0.13,0.13,46,"em","1","opaka-sim"
1,"Comm",1,1,47.9847,42.2178,0.13,0.13,47,"em","1","opaka-sim"
1,"Comm",1,1,45.6192,40.993,0.13,0.13,48,"em","1","opaka-sim"
1,"Comm",1,1,42.2412,39.2925,0.13,0.13,49,"em","1","opaka-sim"
1,"Comm",1,1,43.4127,37.3239,0.13,0.13,50,"em","1","opaka-sim"
1,"Comm",1,1,28.369,35.5967,0.13,0.13,51,"em","1","opaka-sim"
1,"Comm",1,1,32.0229,34.6889,0.13,0.13,52,"em","1","opaka-sim"
1,"Comm",1,1,33.3775,34.5062,0.13,0.13,53,"em","1","opaka-sim"
1,"Comm",1,1,44.9364,34.2715,0.13,0.13,54,"em","1","opaka-sim"
1,"Comm",1,1,29.7753,33.8775,0.13,0.13,55,"em","1","opaka-sim"
1,"Comm",1,1,28.9906,33.877,0.13,0.13,56,"em","1","opaka-sim"
1,"Comm",1,1,39.421,35.038,0.13,0.13,57,"em","1","opaka-sim"
1,"Comm",1,1,40.0908,38.4055,0.13,0.13,58,"em","1","opaka-sim"
1,"Comm",1,1,34.5978,39.7976,0.13,0.13,59,"em","1","opaka-sim"
1,"Comm",1,1,55.0209,41.0998,0.13,0.13,60,"em","1","opaka-sim"
1,"Comm",1,1,26.7814,41.475,0.13,0.13,61,"em","1","opaka-sim"
1,"Comm",1,1,45.4834,41.6591,0.13,0.13,62,"em","1","opaka-sim"
1,"Comm",1,1,45.5118,41.6105,0.13,0.13,63,"em","1","opaka-sim"
1,"Comm",1,1,44.8928,42.3464,0.13,0.13,64,"em","1","opaka-sim"
1,"Comm",1,1,45.5962,45.7086,0.13,0.13,65,"em","1","opaka-sim"
1,"Comm",1,1,41.6238,47.7742,0.13,0.13,66,"em","1","opaka-sim"
1,"Comm",1,1,46.5181,49.9536,0.13,0.13,67,"em","1","opaka-sim"
1,"Comm",1,1,43.625,50.5541,0.13,0.13,68,"em","1","opaka-sim"
1,"Comm",1,1,58.5009,51.7543,0.13,0.13,69,"em","1","opaka-sim"
1,"Comm",1,1,44.0547,51.9365,0.13,0.13,70,"em","1","opaka-sim"
1,"Comm",1,1,66.3389,54.5667,0.13,0.13,71,"em","1","opaka-sim"
1,"Comm",1,1,71.6297,60.1322,0.13,0.13,72,"em","1","opaka-sim"
1,"Comm",1,1,73.348,66.0155,0.13,0.13,73,"em","1","opaka-sim"
1,"Comm",1,1,60.8425,69.2954,0.13,0.13,74,"em","1","opaka-sim"
1,"Comm",1,1,67.2857,70.5282,0.13,0.13,75,"em","1","opaka-sim"
3,"ResFish",1,1,1.38756,1.76498,0.25,0.25,69,"em","1","opaka-sim"
3,"ResFish",1,1,2.00352,1.88084,0.25,0.25,70,"em","1","opaka-sim"
3,"ResFish",1,1,2.79785,2.15526,0.25,0.25,71,"em","1","opaka-sim"
3,"ResFish",1,1,2.51576,2.60116,0.25,0.25,72,"em","1","opaka-sim"
3,"ResFish",1,1,2.59724,2.89425,0.25,0.25,73,"em","1","opaka-sim"
3,"ResFish",1,1,3.65587,2.81186,0.25,0.25,74,"em","1","opaka-sim"
3,"ResFish",1,1,2.02502,2.48419,0.25,0.25,75,"em","1","opaka-sim"
1,"Comm",1,1,1,90.5711,0.1,0.1,1,"om","1","opaka-sim"
1,"Comm",1,1,1,86.9681,0.1,0.1,2,"om","1","opaka-sim"
1,"Comm",1,1,1,83.2087,0.1,0.1,3,"om","1","opaka-sim"
1,"Comm",1,1,1,80.881,0.1,0.1,4,"om","1","opaka-sim"
1,"Comm",1,1,1,81.4617,0.1,0.1,5,"om","1","opaka-sim"
1,"Comm",1,1,1,83.0689,0.1,0.1,6,"om","1","opaka-sim"
1,"Comm",1,1,1,82.577,0.1,0.1,7,"om","1","opaka-sim"
1,"Comm",1,1,1,81.4402,0.1,0.1,8,"om","1","opaka-sim"
1,"Comm",1,1,1,77.6948,0.1,0.1,9,"om","1","opaka-sim"
1,"Comm",1,1,1,76.4475,0.1,0.1,10,"om","1","opaka-sim"
1,"Comm",1,1,1,72.8019,0.1,0.1,11,"om","1","opaka-sim"
1,"Comm",1,1,1,68.6987,0.1,0.1,12,"om","1","opaka-sim"
1,"Comm",1,1,1,67.1451,0.1,0.1,13,"om","1","opaka-sim"
1,"Comm",1,1,1,66.4543,0.1,0.1,14,"om","1","opaka-sim"
1,"Comm",1,1,1,63.0892,0.1,0.1,15,"om","1","opaka-sim"
1,"Comm",1,1,1,60.7412,0.1,0.1,16,"om","1","opaka-sim"
1,"Comm",1,1,1,58.7866,0.1,0.1,17,"om","1","opaka-sim"
1,"Comm",1,1,1,56.2941,0.1,0.1,18,"om","1","opaka-sim"
1,"Comm",1,1,1,56.8027,0.1,0.1,19,"om","1","opaka-sim"
1,"Comm",1,1,1,59.9361,0.1,0.1,20,"om","1","opaka-sim"
1,"Comm",1,1,1,59.6241,0.1,0.1,21,"om","1","opaka-sim"
1,"Comm",1,1,1,57.505,0.1,0.1,22,"om","1","opaka-sim"
1,"Comm",1,1,1,54.8928,0.1,0.1,23,"om","1","opaka-sim"
1,"Comm",1,1,1,53.8641,0.1,0.1,24,"om","1","opaka-sim"
1,"Comm",1,1,1,53.693,0.1,0.1,25,"om","1","opaka-sim"
1,"Comm",1,1,1,51.9772,0.1,0.1,26,"om","1","opaka-sim"
1,"Comm",1,1,1,48.2392,0.1,0.1,27,"om","1","opaka-sim"
1,"Comm",1,1,1,46.564,0.1,0.1,28,"om","1","opaka-sim"
1,"Comm",1,1,1,43.8239,0.1,0.1,29,"om","1","opaka-sim"
1,"Comm",1,1,1,42.7365,0.1,0.1,30,"om","1","opaka-sim"
1,"Comm",1,1,1,44.447,0.1,0.1,31,"om","1","opaka-sim"
1,"Comm",1,1,1,48.0015,0.1,0.1,32,"om","1","opaka-sim"
1,"Comm",1,1,1,48.2748,0.1,0.1,33,"om","1","opaka-sim"
1,"Comm",1,1,1,45.8721,0.1,0.1,34,"om","1","opaka-sim"
1,"Comm",1,1,1,43.0537,0.1,0.1,35,"om","1","opaka-sim"
1,"Comm",1,1,1,42.0053,0.1,0.1,36,"om","1","opaka-sim"
1,"Comm",1,1,1,43.1086,0.1,0.1,37,"om","1","opaka-sim"
1,"Comm",1,1,1,45.6039,0.1,0.1,38,"om","1","opaka-sim"
1,"Comm",1,1,1,43.2893,0.1,0.1,39,"om","1","opaka-sim"
1,"Comm",1,1,1,42.4523,0.1,0.1,40,"om","1","opaka-sim"
1,"Comm",1,1,1,45.9476,0.1,0.1,41,"om","1","opaka-sim"
1,"Comm",1,1,1,44.739,0.1,0.1,42,"om","1","opaka-sim"
1,"Comm",1,1,1,42.2833,0.1,0.1,43,"om","1","opaka-sim"
1,"Comm",1,1,1,42.5059,0.1,0.1,44,"om","1","opaka-sim"
1,"Comm",1,1,1,44.6179,0.1,0.1,45,"om","1","opaka-sim"
1,"Comm",1,1,1,46.3144,0.1,0.1,46,"om","1","opaka-sim"
1,"Comm",1,1,1,45.0861,0.1,0.1,47,"om","1","opaka-sim"
1,"Comm",1,1,1,43.7129,0.1,0.1,48,"om","1","opaka-sim"
1,"Comm",1,1,1,41.8542,0.1,0.1,49,"om","1","opaka-sim"
1,"Comm",1,1,1,39.2341,0.1,0.1,50,"om","1","opaka-sim"
1,"Comm",1,1,1,36.3428,0.1,0.1,51,"om","1","opaka-sim"
1,"Comm",1,1,1,33.1525,0.1,0.1,52,"om","1","opaka-sim"
1,"Comm",1,1,1,31.5045,0.1,0.1,53,"om","1","opaka-sim"
1,"Comm",1,1,1,31.2159,0.1,0.1,54,"om","1","opaka-sim"
1,"Comm",1,1,1,31.3282,0.1,0.1,55,"om","1","opaka-sim"
1,"Comm",1,1,1,33.746,0.1,0.1,56,"om","1","opaka-sim"
1,"Comm",1,1,1,34.2809,0.1,0.1,57,"om","1","opaka-sim"
1,"Comm",1,1,1,37.0002,0.1,0.1,58,"om","1","opaka-sim"
1,"Comm",1,1,1,39.0011,0.1,0.1,59,"om","1","opaka-sim"
1,"Comm",1,1,1,40.082,0.1,0.1,60,"om","1","opaka-sim"
1,"Comm",1,1,1,42.0648,0.1,0.1,61,"om","1","opaka-sim"
1,"Comm",1,1,1,42.4385,0.1,0.1,62,"om","1","opaka-sim"
1,"Comm",1,1,1,42.4785,0.1,0.1,63,"om","1","opaka-sim"
1,"Comm",1,1,1,43.1255,0.1,0.1,64,"om","1","opaka-sim"
1,"Comm",1,1,1,45.1787,0.1,0.1,65,"om","1","opaka-sim"
1,"Comm",1,1,1,47.5353,0.1,0.1,66,"om","1","opaka-sim"
1,"Comm",1,1,1,49.3073,0.1,0.1,67,"om","1","opaka-sim"
1,"Comm",1,1,1,50.3536,0.1,0.1,68,"om","1","opaka-sim"
1,"Comm",1,1,1,52.258,0.1,0.1,69,"om","1","opaka-sim"
1,"Comm",1,1,1,52.6774,0.1,0.1,70,"om","1","opaka-sim"
1,"Comm",1,1,1,54.8946,0.1,0.1,71,"om","1","opaka-sim"
1,"Comm",1,1,1,59.6318,0.1,0.1,72,"om","1","opaka-sim"
1,"Comm",1,1,1,64.8162,0.1,0.1,73,"om","1","opaka-sim"
1,"Comm",1,1,1,66.2508,0.1,0.1,74,"om","1","opaka-sim"
1,"Comm",1,1,1,64.818,0.1,0.1,75,"om","1","opaka-sim"
3,"ResFish",1,1,1,1.91775,0.1,0.1,69,"om","1","opaka-sim"
3,"ResFish",1,1,1,1.98947,0.1,0.1,70,"om","1","opaka-sim"
3,"ResFish",1,1,1,2.18935,0.1,0.1,71,"om","1","opaka-sim"
3,"ResFish",1,1,1,2.56478,0.1,0.1,72,"om","1","opaka-sim"
3,"ResFish",1,1,1,2.76702,0.1,0.1,73,"om","1","opaka-sim"
3,"ResFish",1,1,1,2.55575,0.1,0.1,74,"om","1","opaka-sim"
3,"ResFish",1,1,1,2.10628,0.1,0.1,75,"om","1","opaka-sim"
1,"Comm",1,1,102.955,96.8679,0.13,0.13,1,"em","2","opaka-sim"
1,"Comm",1,1,98.8081,94.6346,0.13,0.13,2,"em","2","opaka-sim"
1,"Comm",1,1,80.7412,93.6945,0.13,0.13,3,"em","2","opaka-sim"
1,"Comm",1,1,81.6377,92.1997,0.13,0.13,4,"em","2","opaka-sim"
1,"Comm",1,1,88.1201,90.6629,0.13,0.13,5,"em","2","opaka-sim"
1,"Comm",1,1,87.801,90.2486,0.13,0.13,6,"em","2","opaka-sim"
1,"Comm",1,1,96.8679,90.012,0.13,0.13,7,"em","2","opaka-sim"
1,"Comm",1,1,92.6046,88.3499,0.13,0.13,8,"em","2","opaka-sim"
1,"Comm",1,1,79.2669,86.8468,0.13,0.13,9,"em","2","opaka-sim"
1,"Comm",1,1,94.2336,85.2606,0.13,0.13,10,"em","2","opaka-sim"
1,"Comm",1,1,69.2605,83.7977,0.13,0.13,11,"em","2","opaka-sim"
1,"Comm",1,1,107.278,83.551,0.13,0.13,12,"em","2","opaka-sim"
1,"Comm",1,1,86.0775,82.0291,0.13,0.13,13,"em","2","opaka-sim"
1,"Comm",1,1,60.3705,80.1314,0.13,0.13,14,"em","2","opaka-sim"
1,"Comm",1,1,90.8641,79.8119,0.13,0.13,15,"em","2","opaka-sim"
1,"Comm",1,1,78.3026,79.5811,0.13,0.13,16,"em","2","opaka-sim"
1,"Comm",1,1,83.7434,78.8359,0.13,0.13,17,"em","2","opaka-sim"
1,"Comm",1,1,81.3021,76.8868,0.13,0.13,18,"em","2","opaka-sim"
1,"Comm",1,1,71.7998,74.1819,0.13,0.13,19,"em","2","opaka-sim"
1,"Comm",1,1,66.9528,71.424,0.13,0.13,20,"em","2","opaka-sim"
1,"Comm",1,1,69.8507,68.9399,0.13,0.13,21,"em","2","opaka-sim"
1,"Comm",1,1,70.0072,66.3866,0.13,0.13,22,"em","2","opaka-sim"
1,"Comm",1,1,58.8991,63.8131,0.13,0.13,23,"em","2","opaka-sim"
1,"Comm",1,1,64.6767,61.4395,0.13,0.13,24,"em","2","opaka-sim"
1,"Comm",1,1,57.9291,58.4857,0.13,0.13,25,"em","2","opaka-sim"
1,"Comm",1,1,65.7207,55.1081,0.13,0.13,26,"em","2","opaka-sim"
1,"Comm",1,1,59.3619,51.7844,0.13,0.13,27,"em","2","opaka-sim"
1,"Comm",1,1,50.7254,48.7368,0.13,0.13,28,"em","2","opaka-sim"
1,"Comm",1,1,34.4527,45.8856,0.13,0.13,29,"em","2","opaka-sim"
1,"Comm",1,1,39.086,45.6331,0.13,0.13,30,"em","2","opaka-sim"
1,"Comm",1,1,58.2056,49.579,0.13,0.13,31,"em","2","opaka-sim"
1,"Comm",1,1,42.4162,51.6567,0.13,0.13,32,"em","2","opaka-sim"
1,"Comm",1,1,67.1696,52.1174,0.13,0.13,33,"em","2","opaka-sim"
1,"Comm",1,1,57.8874,50.048,0.13,0.13,34,"em","2","opaka-sim"
1,"Comm",1,1,50.5365,46.4372,0.13,0.13,35,"em","2","opaka-sim"
1,"Comm",1,1,43.4579,42.4714,0.13,0.13,36,"em","2","opaka-sim"
1,"Comm",1,1,32.9424,38.3486,0.13,0.13,37,"em","2","opaka-sim"
1,"Comm",1,1,40.573,35.3579,0.13,0.13,38,"em","2","opaka-sim"
1,"Comm",1,1,27.193,33.7159,0.13,0.13,39,"em","2","opaka-sim"
1,"Comm",1,1,31.6526,33.3484,0.13,0.13,40,"em","2","opaka-sim"
1,"Comm",1,1,31.024,34.4681,0.13,0.13,41,"em","2","opaka-sim"
1,"Comm",1,1,43.5156,35.989,0.13,0.13,42,"em","2","opaka-sim"
1,"Comm",1,1,40.4045,35.2777,0.13,0.13,43,"em","2","opaka-sim"
1,"Comm",1,1,33.9118,33.6607,0.13,0.13,44,"em","2","opaka-sim"
1,"Comm",1,1,30.404,32.0804,0.13,0.13,45,"em","2","opaka-sim"
1,"Comm",1,1,26.4776,31.224,0.13,0.13,46,"em","2","opaka-sim"
1,"Comm",1,1,31.2923,32.3629,0.13,0.13,47,"em","2","opaka-sim"
1,"Comm",1,1,33.5764,35.4024,0.13,0.13,48,"em","2","opaka-sim"
1,"Comm",1,1,48.6923,38.8093,0.13,0.13,49,"em","2","opaka-sim"
1,"Comm",1,1,33.2365,40.8452,0.13,0.13,50,"em","2","opaka-sim"
1,"Comm",1,1,47.509,43.8282,0.13,0.13,51,"em","2","opaka-sim"
1,"Comm",1,1,51.0777,45.4524,0.13,0.13,52,"em","2","opaka-sim"
1,"Comm",1,1,46.8355,45.463,0.13,0.13,53,"em","2","opaka-sim"
1,"Comm",1,1,52.9899,44.6379,0.13,0.13,54,"em","2","opaka-sim"
1,"Comm",1,1,38.7609,44.5158,0.13,0.13,55,"em","2","opaka-sim"
1,"Comm",1,1,42.4916,44.5325,0.13,0.13,56,"em","2","opaka-sim"
1,"Comm",1,1,55.7445,44.1974,0.13,0.13,57,"em","2","opaka-sim"
1,"Comm",1,1,40.4573,43.3239,0.13,0.13,58,"em","2","opaka-sim"
1,"Comm",1,1,36.3912,42.6127,0.13,0.13,59,"em","2","opaka-sim"
1,"Comm",1,1,44.8298,42.9998,0.13,0.13,60,"em","2","opaka-sim"
1,"Comm",1,1,46.8115,43.933,0.13,0.13,61,"em","2","opaka-sim"
1,"Comm",1,1,42.9389,44.7161,0.13,0.13,62,"em","2","opaka-sim"
1,"Comm",1,1,42.2703,44.4808,0.13,0.13,63,"em","2","opaka-sim"
1,"Comm",1,1,47.9362,44.5613,0.13,0.13,64,"em","2","opaka-sim"
1,"Comm",1,1,47.684,43.7141,0.13,0.13,65,"em","2","opaka-sim"
1,"Comm",1,1,38.2696,43.3753,0.13,0.13,66,"em","2","opaka-sim"
1,"Comm",1,1,55.6392,45.9445,0.13,0.13,67,"em","2","opaka-sim"
1,"Comm",1,1,46.2311,46.7866,0.13,0.13,68,"em","2","opaka-sim"
1,"Comm",1,1,44.8762,47.848,0.13,0.13,69,"em","2","opaka-sim"
1,"Comm",1,1,43.394,49.4078,0.13,0.13,70,"em","2","opaka-sim"
1,"Comm",1,1,42.4974,51.9108,0.13,0.13,71,"em","2","opaka-sim"
1,"Comm",1,1,50.6674,52.7042,0.13,0.13,72,"em","2","opaka-sim"
1,"Comm",1,1,52.8146,53.5065,0.13,0.13,73,"em","2","opaka-sim"
1,"Comm",1,1,61.6831,55.6953,0.13,0.13,74,"em","2","opaka-sim"
1,"Comm",1,1,53.7019,55.7444,0.13,0.13,75,"em","2","opaka-sim"
3,"ResFish",1,1,2.47189,1.63804,0.25,0.25,69,"em","2","opaka-sim"
3,"ResFish",1,1,1.35813,1.70491,0.25,0.25,70,"em","2","opaka-sim"
3,"ResFish",1,1,1.32193,1.77468,0.25,0.25,71,"em","2","opaka-sim"
3,"ResFish",1,1,1.60028,1.7969,0.25,0.25,72,"em","2","opaka-sim"
3,"ResFish",1,1,2.95036,1.80743,0.25,0.25,73,"em","2","opaka-sim"
3,"ResFish",1,1,1.54063,1.86056,0.25,0.25,74,"em","2","opaka-sim"
3,"ResFish",1,1,1.73714,1.87245,0.25,0.25,75,"em","2","opaka-sim"
1,"Comm",1,1,1,90.178,0.1,0.1,1,"om","2","opaka-sim"
1,"Comm",1,1,1,87.8675,0.1,0.1,2,"om","2","opaka-sim"
1,"Comm",1,1,1,87.3355,0.1,0.1,3,"om","2","opaka-sim"
1,"Comm",1,1,1,87.1023,0.1,0.1,4,"om","2","opaka-sim"
1,"Comm",1,1,1,86.1541,0.1,0.1,5,"om","2","opaka-sim"
1,"Comm",1,1,1,94.4218,0.1,0.1,6,"om","2","opaka-sim"
1,"Comm",1,1,1,95.2697,0.1,0.1,7,"om","2","opaka-sim"
1,"Comm",1,1,1,91.0765,0.1,0.1,8,"om","2","opaka-sim"
1,"Comm",1,1,1,86.4992,0.1,0.1,9,"om","2","opaka-sim"
1,"Comm",1,1,1,81.4462,0.1,0.1,10,"om","2","opaka-sim"
1,"Comm",1,1,1,75.9034,0.1,0.1,11,"om","2","opaka-sim"
1,"Comm",1,1,1,76.6238,0.1,0.1,12,"om","2","opaka-sim"
1,"Comm",1,1,1,76.3375,0.1,0.1,13,"om","2","opaka-sim"
1,"Comm",1,1,1,75.8115,0.1,0.1,14,"om","2","opaka-sim"
1,"Comm",1,1,1,76.0988,0.1,0.1,15,"om","2","opaka-sim"
1,"Comm",1,1,1,77.3402,0.1,0.1,16,"om","2","opaka-sim"
1,"Comm",1,1,1,79.2392,0.1,0.1,17,"om","2","opaka-sim"
1,"Comm",1,1,1,78.5236,0.1,0.1,18,"om","2","opaka-sim"
1,"Comm",1,1,1,77.23,0.1,0.1,19,"om","2","opaka-sim"
1,"Comm",1,1,1,76.9884,0.1,0.1,20,"om","2","opaka-sim"
1,"Comm",1,1,1,74.3874,0.1,0.1,21,"om","2","opaka-sim"
1,"Comm",1,1,1,70.7997,0.1,0.1,22,"om","2","opaka-sim"
1,"Comm",1,1,1,68.1543,0.1,0.1,23,"om","2","opaka-sim"
1,"Comm",1,1,1,63.6236,0.1,0.1,24,"om","2","opaka-sim"
1,"Comm",1,1,1,59.1685,0.1,0.1,25,"om","2","opaka-sim"
1,"Comm",1,1,1,54.2232,0.1,0.1,26,"om","2","opaka-sim"
1,"Comm",1,1,1,51.3718,0.1,0.1,27,"om","2","opaka-sim"
1,"Comm",1,1,1,48.2607,0.1,0.1,28,"om","2","opaka-sim"
1,"Comm",1,1,1,44.9484,0.1,0.1,29,"om","2","opaka-sim"
1,"Comm",1,1,1,41.5946,0.1,0.1,30,"om","2","opaka-sim"
1,"Comm",1,1,1,41.2985,0.1,0.1,31,"om","2","opaka-sim"
1,"Comm",1,1,1,42.6643,0.1,0.1,32,"om","2","opaka-sim"
1,"Comm",1,1,1,50.2346,0.1,0.1,33,"om","2","opaka-sim"
1,"Comm",1,1,1,49.2898,0.1,0.1,34,"om","2","opaka-sim"
1,"Comm",1,1,1,46.6152,0.1,0.1,35,"om","2","opaka-sim"
1,"Comm",1,1,1,43.7988,0.1,0.1,36,"om","2","opaka-sim"
1,"Comm",1,1,1,39.3296,0.1,0.1,37,"om","2","opaka-sim"
1,"Comm",1,1,1,35.8027,0.1,0.1,38,"om","2","opaka-sim"
1,"Comm",1,1,1,33.5533,0.1,0.1,39,"om","2","opaka-sim"
1,"Comm",1,1,1,34.7406,0.1,0.1,40,"om","2","opaka-sim"
1,"Comm",1,1,1,37.7571,0.1,0.1,41,"om","2","opaka-sim"
1,"Comm",1,1,1,40.9237,0.1,0.1,42,"om","2","opaka-sim"
1,"Comm",1,1,1,40.191,0.1,0.1,43,"om","2","opaka-sim"
1,"Comm",1,1,1,37.4743,0.1,0.1,44,"om","2","opaka-sim"
1,"Comm",1,1,1,35.2975,0.1,0.1,45,"om","2","opaka-sim"
1,"Comm",1,1,1,34.1965,0.1,0.1,46,"om","2","opaka-sim"
1,"Comm",1,1,1,37.4007,0.1,0.1,47,"om","2","opaka-sim"
1,"Comm",1,1,1,39.0272,0.1,0.1,48,"om","2","opaka-sim"
1,"Comm",1,1,1,39.9558,0.1,0.1,49,"om","2","opaka-sim"
1,"Comm",1,1,1,39.5229,0.1,0.1,50,"om","2","opaka-sim"
1,"Comm",1,1,1,42.7653,0.1,0.1,51,"om","2","opaka-sim"
1,"Comm",1,1,1,45.0064,0.1,0.1,52,"om","2","opaka-sim"
1,"Comm",1,1,1,45.9727,0.1,0.1,53,"om","2","opaka-sim"
1,"Comm",1,1,1,44.8061,0.1,0.1,54,"om","2","opaka-sim"
1,"Comm",1,1,1,42.7474,0.1,0.1,55,"om","2","opaka-sim"
1,"Comm",1,1,1,44.4424,0.1,0.1,56,"om","2","opaka-sim"
1,"Comm",1,1,1,45.3465,0.1,0.1,57,"om","2","opaka-sim"
1,"Comm",1,1,1,43.5895,0.1,0.1,58,"om","2","opaka-sim"
1,"Comm",1,1,1,42.9884,0.1,0.1,59,"om","2","opaka-sim"
1,"Comm",1,1,1,45.5979,0.1,0.1,60,"om","2","opaka-sim"
1,"Comm",1,1,1,46.8723,0.1,0.1,61,"om","2","opaka-sim"
1,"Comm",1,1,1,50.0562,0.1,0.1,62,"om","2","opaka-sim"
1,"Comm",1,1,1,49.3949,0.1,0.1,63,"om","2","opaka-sim"
1,"Comm",1,1,1,48.0463,0.1,0.1,64,"om","2","opaka-sim"
1,"Comm",1,1,1,45.3668,0.1,0.1,65,"om","2","opaka-sim"
1,"Comm",1,1,1,43.6113,0.1,0.1,66,"om","2","opaka-sim"
1,"Comm",1,1,1,44.0142,0.1,0.1,67,"om","2","opaka-sim"
1,"Comm",1,1,1,43.3709,0.1,0.1,68,"om","2","opaka-sim"
1,"Comm",1,1,1,44.3543,0.1,0.1,69,"om","2","opaka-sim"
1,"Comm",1,1,1,45.6574,0.1,0.1,70,"om","2","opaka-sim"
1,"Comm",1,1,1,46.8618,0.1,0.1,71,"om","2","opaka-sim"
1,"Comm",1,1,1,46.911,0.1,0.1,72,"om","2","opaka-sim"
1,"Comm",1,1,1,48.0796,0.1,0.1,73,"om","2","opaka-sim"
1,"Comm",1,1,1,50.0583,0.1,0.1,74,"om","2","opaka-sim"
1,"Comm",1,1,1,51.2777,0.1,0.1,75,"om","2","opaka-sim"
3,"ResFish",1,1,1,1.64762,0.1,0.1,69,"om","2","opaka-sim"
3,"ResFish",1,1,1,1.73122,0.1,0.1,70,"om","2","opaka-sim"
3,"ResFish",1,1,1,1.72101,0.1,0.1,71,"om","2","opaka-sim"
3,"ResFish",1,1,1,1.71643,0.1,0.1,72,"om","2","opaka-sim"
3,"ResFish",1,1,1,1.78752,0.1,0.1,73,"om","2","opaka-sim"
3,"ResFish",1,1,1,1.94506,0.1,0.1,74,"om","2","opaka-sim"
3,"ResFish",1,1,1,1.95706,0.1,0.1,75,"om","2","opaka-sim"
1,"Comm",1,1,135.155,102.913,0.13,0.13,1,"em","3","opaka-sim"
1,"Comm",1,1,95.2692,101.201,0.13,0.13,2,"em","3","opaka-sim"
1,"Comm",1,1,101.182,97.8267,0.13,0.13,3,"em","3","opaka-sim"
1,"Comm",1,1,100.186,92.4702,0.13,0.13,4,"em","3","opaka-sim"
1,"Comm",1,1,83.1966,85.6355,0.13,0.13,5,"em","3","opaka-sim"
1,"Comm",1,1,60.0612,78.1366,0.13,0.13,6,"em","3","opaka-sim"
1,"Comm",1,1,71.4655,72.5502,0.13,0.13,7,"em","3","opaka-sim"
1,"Comm",1,1,53.7669,68.7872,0.13,0.13,8,"em","3","opaka-sim"
1,"Comm",1,1,71.8886,65.9792,0.13,0.13,9,"em","3","opaka-sim"
1,"Comm",1,1,59.3349,64.1349,0.13,0.13,10,"em","3","opaka-sim"
1,"Comm",1,1,63.8448,62.7402,0.13,0.13,11,"em","3","opaka-sim"
1,"Comm",1,1,62.1422,60.9343,0.13,0.13,12,"em","3","opaka-sim"
1,"Comm",1,1,55.5163,58.7461,0.13,0.13,13,"em","3","opaka-sim"
1,"Comm",1,1,54.5013,57.0221,0.13,0.13,14,"em","3","opaka-sim"
1,"Comm",1,1,57.0107,56.1285,0.13,0.13,15,"em","3","opaka-sim"
1,"Comm",1,1,52.9199,55.6809,0.13,0.13,16,"em","3","opaka-sim"
1,"Comm",1,1,53.0638,55.2451,0.13,0.13,17,"em","3","opaka-sim"
1,"Comm",1,1,67.8887,53.7667,0.13,0.13,18,"em","3","opaka-sim"
1,"Comm",1,1,51.1311,51.1105,0.13,0.13,19,"em","3","opaka-sim"
1,"Comm",1,1,49.2691,48.1071,0.13,0.13,20,"em","3","opaka-sim"
1,"Comm",1,1,46.5332,45.0337,0.13,0.13,21,"em","3","opaka-sim"
1,"Comm",1,1,47.0307,42.0255,0.13,0.13,22,"em","3","opaka-sim"
1,"Comm",1,1,29.7884,39.2894,0.13,0.13,23,"em","3","opaka-sim"
1,"Comm",1,1,35.888,37.4385,0.13,0.13,24,"em","3","opaka-sim"
1,"Comm",1,1,41.709,36.0685,0.13,0.13,25,"em","3","opaka-sim"
1,"Comm",1,1,34.1201,34.3911,0.13,0.13,26,"em","3","opaka-sim"
1,"Comm",1,1,28.2646,33.3108,0.13,0.13,27,"em","3","opaka-sim"
1,"Comm",1,1,34.717,33.8094,0.13,0.13,28,"em","3","opaka-sim"
1,"Comm",1,1,35.432,34.8603,0.13,0.13,29,"em","3","opaka-sim"
1,"Comm",1,1,35.3833,35.6587,0.13,0.13,30,"em","3","opaka-sim"
1,"Comm",1,1,39.2748,36.3772,0.13,0.13,31,"em","3","opaka-sim"
1,"Comm",1,1,33.8007,37.0433,0.13,0.13,32,"em","3","opaka-sim"
1,"Comm",1,1,37.0332,37.5833,0.13,0.13,33,"em","3","opaka-sim"
1,"Comm",1,1,37.8914,38.6143,0.13,0.13,34,"em","3","opaka-sim"
1,"Comm",1,1,37.9748,40.108,0.13,0.13,35,"em","3","opaka-sim"
1,"Comm",1,1,40.9317,41.684,0.13,0.13,36,"em","3","opaka-sim"
1,"Comm",1,1,50.5877,42.5327,0.13,0.13,37,"em","3","opaka-sim"
1,"Comm",1,1,40.0178,41.3887,0.13,0.13,38,"em","3","opaka-sim"
1,"Comm",1,1,40.5666,39.717,0.13,0.13,39,"em","3","opaka-sim"
1,"Comm",1,1,42.0009,38.4888,0.13,0.13,40,"em","3","opaka-sim"
1,"Comm",1,1,32.0992,36.952,0.13,0.13,41,"em","3","opaka-sim"
1,"Comm",1,1,33.0535,36.0903,0.13,0.13,42,"em","3","opaka-sim"
1,"Comm",1,1,44.7246,36.0611,0.13,0.13,43,"em","3","opaka-sim"
1,"Comm",1,1,35.1136,34.4583,0.13,0.13,44,"em","3","opaka-sim"
1,"Comm",1,1,31.9375,32.3839,0.13,0.13,45,"em","3","opaka-sim"
1,"Comm",1,1,27.0997,31.1437,0.13,0.13,46,"em","3","opaka-sim"
1,"Comm",1,1,35.7458,30.0741,0.13,0.13,47,"em","3","opaka-sim"
1,"Comm",1,1,29.727,28.6755,0.13,0.13,48,"em","3","opaka-sim"
1,"Comm",1,1,24.5894,27.9547,0.13,0.13,49,"em","3","opaka-sim"
1,"Comm",1,1,23.8701,28.5797,0.13,0.13,50,"em","3","opaka-sim"
1,"Comm",1,1,33.9128,29.8403,0.13,0.13,51,"em","3","opaka-sim"
1,"Comm",1,1,29.3962,30.3105,0.13,0.13,52,"em","3","opaka-sim"
1,"Comm",1,1,28.5397,30.6925,0.13,0.13,53,"em","3","opaka-sim"
1,"Comm",1,1,30.7407,31.9072,0.13,0.13,54,"em","3","opaka-sim"
1,"Comm",1,1,37.3933,33.402,0.13,0.13,55,"em","3","opaka-sim"
1,"Comm",1,1,36.29,34.2859,0.13,0.13,56,"em","3","opaka-sim"
1,"Comm",1,1,38.4085,34.6997,0.13,0.13,57,"em","3","opaka-sim"
1,"Comm",1,1,35.2406,34.1475,0.13,0.13,58,"em","3","opaka-sim"
1,"Comm",1,1,32.3993,33.3083,0.13,0.13,59,"em","3","opaka-sim"
1,"Comm",1,1,28.0571,33.372,0.13,0.13,60,"em","3","opaka-sim"
1,"Comm",1,1,33.1952,36.0865,0.13,0.13,61,"em","3","opaka-sim"
1,"Comm",1,1,41.6049,38.8377,0.13,0.13,62,"em","3","opaka-sim"
1,"Comm",1,1,54.4378,41.7425,0.13,0.13,63,"em","3","opaka-sim"
1,"Comm",1,1,43.1531,42.6674,0.13,0.13,64,"em","3","opaka-sim"
1,"Comm",1,1,42.7529,43.0541,0.13,0.13,65,"em","3","opaka-sim"
1,"Comm",1,1,37.0362,44.6827,0.13,0.13,66,"em","3","opaka-sim"
1,"Comm",1,1,49.8034,46.8077,0.13,0.13,67,"em","3","opaka-sim"
1,"Comm",1,1,53.36,48.3888,0.13,0.13,68,"em","3","opaka-sim"
1,"Comm",1,1,39.6557,51.4996,0.13,0.13,69,"em","3","opaka-sim"
1,"Comm",1,1,54.3601,54.454,0.13,0.13,70,"em","3","opaka-sim"
1,"Comm",1,1,64.9097,56.2109,0.13,0.13,71,"em","3","opaka-sim"
1,"Comm",1,1,60.5067,56.8699,0.13,0.13,72,"em","3","opaka-sim"
1,"Comm",1,1,62.3206,56.9454,0.13,0.13,73,"em","3","opaka-sim"
1,"Comm",1,1,54.0905,55.7846,0.13,0.13,74,"em","3","opaka-sim"
1,"Comm",1,1,58.7979,54.8329,0.13,0.13,75,"em","3","opaka-sim"
3,"ResFish",1,1,1.5129,1.76481,0.25,0.25,69,"em","3","opaka-sim"
3,"ResFish",1,1,3.07971,1.86865,0.25,0.25,70,"em","3","opaka-sim"
3,"ResFish",1,1,0.945402,1.8367,0.25,0.25,71,"em","3","opaka-sim"
3,"ResFish",1,1,2.04905,1.7302,0.25,0.25,72,"em","3","opaka-sim"
3,"ResFish",1,1,2.28084,1.61502,0.25,0.25,73,"em","3","opaka-sim"
3,"ResFish",1,1,1.16311,1.57413,0.25,0.25,74,"em","3","opaka-sim"
3,"ResFish",1,1,1.69028,1.51909,0.25,0.25,75,"em","3","opaka-sim"
1,"Comm",1,1,1,91.866,0.1,0.1,1,"om","3","opaka-sim"
1,"Comm",1,1,1,90.2648,0.1,0.1,2,"om","3","opaka-sim"
1,"Comm",1,1,1,87.3592,0.1,0.1,3,"om","3","opaka-sim"
1,"Comm",1,1,1,83.4779,0.1,0.1,4,"om","3","opaka-sim"
1,"Comm",1,1,1,78.0752,0.1,0.1,5,"om","3","opaka-sim"
1,"Comm",1,1,1,73.6664,0.1,0.1,6,"om","3","opaka-sim"
1,"Comm",1,1,1,67.8059,0.1,0.1,7,"om","3","opaka-sim"
1,"Comm",1,1,1,63.6946,0.1,0.1,8,"om","3","opaka-sim"
1,"Comm",1,1,1,61.6303,0.1,0.1,9,"om","3","opaka-sim"
1,"Comm",1,1,1,59.9933,0.1,0.1,10,"om","3","opaka-sim"
1,"Comm",1,1,1,59.1452,0.1,0.1,11,"om","3","opaka-sim"
1,"Comm",1,1,1,61.2459,0.1,0.1,12,"om","3","opaka-sim"
1,"Comm",1,1,1,60.5224,0.1,0.1,13,"om","3","opaka-sim"
1,"Comm",1,1,1,59.1519,0.1,0.1,14,"om","3","opaka-sim"
1,"Comm",1,1,1,55.7996,0.1,0.1,15,"om","3","opaka-sim"
1,"Comm",1,1,1,53.9101,0.1,0.1,16,"om","3","opaka-sim"
1,"Comm",1,1,1,57.0065,0.1,0.1,17,"om","3","opaka-sim"
1,"Comm",1,1,1,55.301,0.1,0.1,18,"om","3","opaka-sim"
1,"Comm",1,1,1,51.5059,0.1,0.1,19,"om","3","opaka-sim"
1,"Comm",1,1,1,48.1761,0.1,0.1,20,"om","3","opaka-sim"
1,"Comm",1,1,1,44.4538,0.1,0.1,21,"om","3","opaka-sim"
1,"Comm",1,1,1,41.4185,0.1,0.1,22,"om","3","opaka-sim"
1,"Comm",1,1,1,39.0564,0.1,0.1,23,"om","3","opaka-sim"
1,"Comm",1,1,1,39.7336,0.1,0.1,24,"om","3","opaka-sim"
1,"Comm",1,1,1,39.3304,0.1,0.1,25,"om","3","opaka-sim"
1,"Comm",1,1,1,37.9422,0.1,0.1,26,"om","3","opaka-sim"
1,"Comm",1,1,1,36.5641,0.1,0.1,27,"om","3","opaka-sim"
1,"Comm",1,1,1,35.519,0.1,0.1,28,"om","3","opaka-sim"
1,"Comm",1,1,1,34.2224,0.1,0.1,29,"om","3","opaka-sim"
1,"Comm",1,1,1,33.1819,0.1,0.1,30,"om","3","opaka-sim"
1,"Comm",1,1,1,33.4258,0.1,0.1,31,"om","3","opaka-sim"
1,"Comm",1,1,1,34.2002,0.1,0.1,32,"om","3","opaka-sim"
1,"Comm",1,1,1,36.0314,0.1,0.1,33,"om","3","opaka-sim"
1,"Comm",1,1,1,35.1682,0.1,0.1,34,"om","3","opaka-sim"
1,"Comm",1,1,1,38.9197,0.1,0.1,35,"om","3","opaka-sim"
1,"Comm",1,1,1,43.2933,0.1,0.1,36,"om","3","opaka-sim"
1,"Comm",1,1,1,45.1961,0.1,0.1,37,"om","3","opaka-sim"
1,"Comm",1,1,1,42.6843,0.1,0.1,38,"om","3","opaka-sim"
1,"Comm",1,1,1,38.8418,0.1,0.1,39,"om","3","opaka-sim"
1,"Comm",1,1,1,37.08,0.1,0.1,40,"om","3","opaka-sim"
1,"Comm",1,1,1,36.4777,0.1,0.1,41,"om","3","opaka-sim"
1,"Comm",1,1,1,37.3335,0.1,0.1,42,"om","3","opaka-sim"
1,"Comm",1,1,1,37.4183,0.1,0.1,43,"om","3","opaka-sim"
1,"Comm",1,1,1,35.711,0.1,0.1,44,"om","3","opaka-sim"
1,"Comm",1,1,1,33.3811,0.1,0.1,45,"om","3","opaka-sim"
1,"Comm",1,1,1,31.3893,0.1,0.1,46,"om","3","opaka-sim"
1,"Comm",1,1,1,30.396,0.1,0.1,47,"om","3","opaka-sim"
1,"Comm",1,1,1,29.4248,0.1,0.1,48,"om","3","opaka-sim"
1,"Comm",1,1,1,28.1034,0.1,0.1,49,"om","3","opaka-sim"
1,"Comm",1,1,1,27.8605,0.1,0.1,50,"om","3","opaka-sim"
1,"Comm",1,1,1,30.156,0.1,0.1,51,"om","3","opaka-sim"
1,"Comm",1,1,1,30.167,0.1,0.1,52,"om","3","opaka-sim"
1,"Comm",1,1,1,30.4845,0.1,0.1,53,"om","3","opaka-sim"
1,"Comm",1,1,1,30.6521,0.1,0.1,54,"om","3","opaka-sim"
1,"Comm",1,1,1,31.3548,0.1,0.1,55,"om","3","opaka-sim"
1,"Comm",1,1,1,32.2911,0.1,0.1,56,"om","3","opaka-sim"
1,"Comm",1,1,1,35.5828,0.1,0.1,57,"om","3","opaka-sim"
1,"Comm",1,1,1,35.9029,0.1,0.1,58,"om","3","opaka-sim"
1,"Comm",1,1,1,36.6024,0.1,0.1,59,"om","3","opaka-sim"
1,"Comm",1,1,1,37.522,0.1,0.1,60,"om","3","opaka-sim"
1,"Comm",1,1,1,38.3902,0.1,0.1,61,"om","3","opaka-sim"
1,"Comm",1,1,1,38.9205,0.1,0.1,62,"om","3","opaka-sim"
1,"Comm",1,1,1,42.0886,0.1,0.1,63,"om","3","opaka-sim"
1,"Comm",1,1,1,43.858,0.1,0.1,64,"om","3","opaka-sim"
1,"Comm",1,1,1,44.2464,0.1,0.1,65,"om","3","opaka-sim"
1,"Comm",1,1,1,45.2126,0.1,0.1,66,"om","3","opaka-sim"
1,"Comm",1,1,1,47.1296,0.1,0.1,67,"om","3","opaka-sim"
1,"Comm",1,1,1,48.5539,0.1,0.1,68,"om","3","opaka-sim"
1,"Comm",1,1,1,51.6621,0.1,0.1,69,"om","3","opaka-sim"
1,"Comm",1,1,1,53.8197,0.1,0.1,70,"om","3","opaka-sim"
1,"Comm",1,1,1,55.1747,0.1,0.1,71,"om","3","opaka-sim"
1,"Comm",1,1,1,55.9111,0.1,0.1,72,"om","3","opaka-sim"
1,"Comm",1,1,1,55.8404,0.1,0.1,73,"om","3","opaka-sim"
1,"Comm",1,1,1,54.7053,0.1,0.1,74,"om","3","opaka-sim"
1,"Comm",1,1,1,53.5486,0.1,0.1,75,"om","3","opaka-sim"
3,"ResFish",1,1,1,2.07898,0.1,0.1,69,"om","3","opaka-sim"
3,"ResFish",1,1,1,2.15335,0.1,0.1,70,"om","3","opaka-sim"
3,"ResFish",1,1,1,2.09378,0.1,0.1,71,"om","3","opaka-sim"
3,"ResFish",1,1,1,1.99194,0.1,0.1,72,"om","3","opaka-sim"
3,"ResFish",1,1,1,1.86268,0.1,0.1,73,"om","3","opaka-sim"
3,"ResFish",1,1,1,1.7824,0.1,0.1,74,"om","3","opaka-sim"
3,"ResFish",1,1,1,1.71653,0.1,0.1,75,"om","3","opaka-sim"
1,"Comm",1,1,79.4088,97.0189,0.13,0.13,1,"em","4","opaka-sim"
1,"Comm",1,1,96.9548,94.7931,0.13,0.13,2,"em","4","opaka-sim"
1,"Comm",1,1,98.1385,91.9119,0.13,0.13,3,"em","4","opaka-sim"
1,"Comm",1,1,66.8698,88.7189,0.13,0.13,4,"em","4","opaka-sim"
1,"Comm",1,1,83.2319,87.5914,0.13,0.13,5,"em","4","opaka-sim"
1,"Comm",1,1,82.4288,87.1534,0.13,0.13,6,"em","4","opaka-sim"
1,"Comm",1,1,81.7913,86.0322,0.13,0.13,7,"em","4","opaka-sim"
1,"Comm",1,1,77.2938,87.8594,0.13,0.13,8,"em","4","opaka-sim"
1,"Comm",1,1,100.862,92.7989,0.13,0.13,9,"em","4","opaka-sim"
1,"Comm",1,1,102.001,94.5883,0.13,0.13,10,"em","4","opaka-sim"
1,"Comm",1,1,104.543,93.48,0.13,0.13,11,"em","4","opaka-sim"
1,"Comm",1,1,95.9745,91.0454,0.13,0.13,12,"em","4","opaka-sim"
1,"Comm",1,1,92.1208,87.5523,0.13,0.13,13,"em","4","opaka-sim"
1,"Comm",1,1,87.6904,83.264,0.13,0.13,14,"em","4","opaka-sim"
1,"Comm",1,1,83.2317,78.0949,0.13,0.13,15,"em","4","opaka-sim"
1,"Comm",1,1,68.714,72.5807,0.13,0.13,16,"em","4","opaka-sim"
1,"Comm",1,1,82.0232,67.2913,0.13,0.13,17,"em","4","opaka-sim"
1,"Comm",1,1,65.6304,62.1312,0.13,0.13,18,"em","4","opaka-sim"
1,"Comm",1,1,53.2623,57.3178,0.13,0.13,19,"em","4","opaka-sim"
1,"Comm",1,1,53.0302,53.2515,0.13,0.13,20,"em","4","opaka-sim"
1,"Comm",1,1,45.2696,50.072,0.13,0.13,21,"em","4","opaka-sim"
1,"Comm",1,1,34.2522,48.1435,0.13,0.13,22,"em","4","opaka-sim"
1,"Comm",1,1,51.7447,47.8738,0.13,0.13,23,"em","4","opaka-sim"
1,"Comm",1,1,51.6676,47.6493,0.13,0.13,24,"em","4","opaka-sim"
1,"Comm",1,1,48.8443,46.8616,0.13,0.13,25,"em","4","opaka-sim"
1,"Comm",1,1,40.4262,45.5491,0.13,0.13,26,"em","4","opaka-sim"
1,"Comm",1,1,54.2695,44.122,0.13,0.13,27,"em","4","opaka-sim"
1,"Comm",1,1,41.2931,42.304,0.13,0.13,28,"em","4","opaka-sim"
1,"Comm",1,1,44.4248,40.4325,0.13,0.13,29,"em","4","opaka-sim"
1,"Comm",1,1,38.5993,38.5195,0.13,0.13,30,"em","4","opaka-sim"
1,"Comm",1,1,33.1664,37.133,0.13,0.13,31,"em","4","opaka-sim"
1,"Comm",1,1,32.5731,36.7211,0.13,0.13,32,"em","4","opaka-sim"
1,"Comm",1,1,32.7641,37.2114,0.13,0.13,33,"em","4","opaka-sim"
1,"Comm",1,1,46.6954,38.494,0.13,0.13,34,"em","4","opaka-sim"
1,"Comm",1,1,39.1521,38.6943,0.13,0.13,35,"em","4","opaka-sim"
1,"Comm",1,1,42.8671,38.2885,0.13,0.13,36,"em","4","opaka-sim"
1,"Comm",1,1,33.4685,37.4025,0.13,0.13,37,"em","4","opaka-sim"
1,"Comm",1,1,38.5634,36.2336,0.13,0.13,38,"em","4","opaka-sim"
1,"Comm",1,1,33.9579,34.9718,0.13,0.13,39,"em","4","opaka-sim"
1,"Comm",1,1,30.0324,33.9562,0.13,0.13,40,"em","4","opaka-sim"
1,"Comm",1,1,37.736,33.255,0.13,0.13,41,"em","4","opaka-sim"
1,"Comm",1,1,32.9721,32.004,0.13,0.13,42,"em","4","opaka-sim"
1,"Comm",1,1,34.384,30.6521,0.13,0.13,43,"em","4","opaka-sim"
1,"Comm",1,1,30.6457,29.6908,0.13,0.13,44,"em","4","opaka-sim"
1,"Comm",1,1,24.3942,28.9911,0.13,0.13,45,"em","4","opaka-sim"
1,"Comm",1,1,26.9007,29.2149,0.13,0.13,46,"em","4","opaka-sim"
1,"Comm",1,1,28.2815,30.7671,0.13,0.13,47,"em","4","opaka-sim"
1,"Comm",1,1,40.4636,32.5697,0.13,0.13,48,"em","4","opaka-sim"
1,"Comm",1,1,28.1491,33.3534,0.13,0.13,49,"em","4","opaka-sim"
1,"Comm",1,1,35.936,34.0042,0.13,0.13,50,"em","4","opaka-sim"
1,"Comm",1,1,31.7433,33.4848,0.13,0.13,51,"em","4","opaka-sim"
1,"Comm",1,1,33.4154,32.7594,0.13,0.13,52,"em","4","opaka-sim"
1,"Comm",1,1,30.2625,32.2345,0.13,0.13,53,"em","4","opaka-sim"
1,"Comm",1,1,30.6254,32.3931,0.13,0.13,54,"em","4","opaka-sim"
1,"Comm",1,1,34.7623,35.5249,0.13,0.13,55,"em","4","opaka-sim"
1,"Comm",1,1,52.4121,45.8922,0.13,0.13,56,"em","4","opaka-sim"
1,"Comm",1,1,50.8135,49.6583,0.13,0.13,57,"em","4","opaka-sim"
1,"Comm",1,1,48.8554,51.027,0.13,0.13,58,"em","4","opaka-sim"
1,"Comm",1,1,56.1483,51.4016,0.13,0.13,59,"em","4","opaka-sim"
1,"Comm",1,1,46.7327,52.0585,0.13,0.13,60,"em","4","opaka-sim"
1,"Comm",1,1,67.0105,52.1273,0.13,0.13,61,"em","4","opaka-sim"
1,"Comm",1,1,47.3954,51.8116,0.13,0.13,62,"em","4","opaka-sim"
1,"Comm",1,1,50.6815,52.7413,0.13,0.13,63,"em","4","opaka-sim"
1,"Comm",1,1,51.8166,53.5365,0.13,0.13,64,"em","4","opaka-sim"
1,"Comm",1,1,60.8752,59.1653,0.13,0.13,65,"em","4","opaka-sim"
1,"Comm",1,1,84.016,60.5234,0.13,0.13,66,"em","4","opaka-sim"
1,"Comm",1,1,43.5929,60.1215,0.13,0.13,67,"em","4","opaka-sim"
1,"Comm",1,1,63.9321,59.6547,0.13,0.13,68,"em","4","opaka-sim"
1,"Comm",1,1,49.7317,58.5236,0.13,0.13,69,"em","4","opaka-sim"
1,"Comm",1,1,53.3565,59.4831,0.13,0.13,70,"em","4","opaka-sim"
1,"Comm",1,1,58.1202,60.4768,0.13,0.13,71,"em","4","opaka-sim"
1,"Comm",1,1,73.8465,61.9276,0.13,0.13,72,"em","4","opaka-sim"
1,"Comm",1,1,77.68,60.7859,0.13,0.13,73,"em","4","opaka-sim"
1,"Comm",1,1,68.2559,60.2773,0.13,0.13,74,"em","4","opaka-sim"
1,"Comm",1,1,58.7538,59.7915,0.13,0.13,75,"em","4","opaka-sim"
3,"ResFish",1,1,1.38157,2.01605,0.25,0.25,69,"em","4","opaka-sim"
3,"ResFish",1,1,2.55618,2.18504,0.25,0.25,70,"em","4","opaka-sim"
3,"ResFish",1,1,3.46424,2.48052,0.25,0.25,71,"em","4","opaka-sim"
3,"ResFish",1,1,2.21332,2.50552,0.25,0.25,72,"em","4","opaka-sim"
3,"ResFish",1,1,2.36918,2.4024,0.25,0.25,73,"em","4","opaka-sim"
3,"ResFish",1,1,3.15908,2.21288,0.25,0.25,74,"em","4","opaka-sim"
3,"ResFish",1,1,1.71243,2.38442,0.25,0.25,75,"em","4","opaka-sim"
1,"Comm",1,1,1,91.3307,0.1,0.1,1,"om","4","opaka-sim"
1,"Comm",1,1,1,88.6897,0.1,0.1,2,"om","4","opaka-sim"
1,"Comm",1,1,1,85.3621,0.1,0.1,3,"om","4","opaka-sim"
1,"Comm",1,1,1,81.9443,0.1,0.1,4,"om","4","opaka-sim"
1,"Comm",1,1,1,80.5297,0.1,0.1,5,"om","4","opaka-sim"
1,"Comm",1,1,1,79.5819,0.1,0.1,6,"om","4","opaka-sim"
1,"Comm",1,1,1,78.6037,0.1,0.1,7,"om","4","opaka-sim"
1,"Comm",1,1,1,78.891,0.1,0.1,8,"om","4","opaka-sim"
1,"Comm",1,1,1,94.3915,0.1,0.1,9,"om","4","opaka-sim"
1,"Comm",1,1,1,97.6971,0.1,0.1,10,"om","4","opaka-sim"
1,"Comm",1,1,1,94.4111,0.1,0.1,11,"om","4","opaka-sim"
1,"Comm",1,1,1,90.4119,0.1,0.1,12,"om","4","opaka-sim"
1,"Comm",1,1,1,86.6655,0.1,0.1,13,"om","4","opaka-sim"
1,"Comm",1,1,1,82.0521,0.1,0.1,14,"om","4","opaka-sim"
1,"Comm",1,1,1,75.3893,0.1,0.1,15,"om","4","opaka-sim"
1,"Comm",1,1,1,68.9243,0.1,0.1,16,"om","4","opaka-sim"
1,"Comm",1,1,1,62.5134,0.1,0.1,17,"om","4","opaka-sim"
1,"Comm",1,1,1,56.1736,0.1,0.1,18,"om","4","opaka-sim"
1,"Comm",1,1,1,52.2134,0.1,0.1,19,"om","4","opaka-sim"
1,"Comm",1,1,1,46.7243,0.1,0.1,20,"om","4","opaka-sim"
1,"Comm",1,1,1,42.4101,0.1,0.1,21,"om","4","opaka-sim"
1,"Comm",1,1,1,43.3329,0.1,0.1,22,"om","4","opaka-sim"
1,"Comm",1,1,1,46.9042,0.1,0.1,23,"om","4","opaka-sim"
1,"Comm",1,1,1,45.6167,0.1,0.1,24,"om","4","opaka-sim"
1,"Comm",1,1,1,44.3005,0.1,0.1,25,"om","4","opaka-sim"
1,"Comm",1,1,1,47.6731,0.1,0.1,26,"om","4","opaka-sim"
1,"Comm",1,1,1,45.8539,0.1,0.1,27,"om","4","opaka-sim"
1,"Comm",1,1,1,43.3697,0.1,0.1,28,"om","4","opaka-sim"
1,"Comm",1,1,1,39.8657,0.1,0.1,29,"om","4","opaka-sim"
1,"Comm",1,1,1,37.1122,0.1,0.1,30,"om","4","opaka-sim"
1,"Comm",1,1,1,33.6057,0.1,0.1,31,"om","4","opaka-sim"
1,"Comm",1,1,1,32.7189,0.1,0.1,32,"om","4","opaka-sim"
1,"Comm",1,1,1,34.3652,0.1,0.1,33,"om","4","opaka-sim"
1,"Comm",1,1,1,35.313,0.1,0.1,34,"om","4","opaka-sim"
1,"Comm",1,1,1,35.9311,0.1,0.1,35,"om","4","opaka-sim"
1,"Comm",1,1,1,36.0414,0.1,0.1,36,"om","4","opaka-sim"
1,"Comm",1,1,1,36.1115,0.1,0.1,37,"om","4","opaka-sim"
1,"Comm",1,1,1,35.952,0.1,0.1,38,"om","4","opaka-sim"
1,"Comm",1,1,1,34.6795,0.1,0.1,39,"om","4","opaka-sim"
1,"Comm",1,1,1,33.4816,0.1,0.1,40,"om","4","opaka-sim"
1,"Comm",1,1,1,34.0262,0.1,0.1,41,"om","4","opaka-sim"
1,"Comm",1,1,1,31.958,0.1,0.1,42,"om","4","opaka-sim"
1,"Comm",1,1,1,30.1206,0.1,0.1,43,"om","4","opaka-sim"
1,"Comm",1,1,1,28.1805,0.1,0.1,44,"om","4","opaka-sim"
1,"Comm",1,1,1,26.073,0.1,0.1,45,"om","4","opaka-sim"
1,"Comm",1,1,1,24.2277,0.1,0.1,46,"om","4","opaka-sim"
1,"Comm",1,1,1,25.9369,0.1,0.1,47,"om","4","opaka-sim"
1,"Comm",1,1,1,31.5955,0.1,0.1,48,"om","4","opaka-sim"
1,"Comm",1,1,1,33.4116,0.1,0.1,49,"om","4","opaka-sim"
1,"Comm",1,1,1,33.2386,0.1,0.1,50,"om","4","opaka-sim"
1,"Comm",1,1,1,33.111,0.1,0.1,51,"om","4","opaka-sim"
1,"Comm",1,1,1,33.2031,0.1,0.1,52,"om","4","opaka-sim"
1,"Comm",1,1,1,32.1967,0.1,0.1,53,"om","4","opaka-sim"
1,"Comm",1,1,1,33.613,0.1,0.1,54,"om","4","opaka-sim"
1,"Comm",1,1,1,37.2417,0.1,0.1,55,"om","4","opaka-sim"
1,"Comm",1,1,1,41.5681,0.1,0.1,56,"om","4","opaka-sim"
1,"Comm",1,1,1,46.6951,0.1,0.1,57,"om","4","opaka-sim"
1,"Comm",1,1,1,47.7147,0.1,0.1,58,"om","4","opaka-sim"
1,"Comm",1,1,1,46.9108,0.1,0.1,59,"om","4","opaka-sim"
1,"Comm",1,1,1,49.2604,0.1,0.1,60,"om","4","opaka-sim"
1,"Comm",1,1,1,51.9042,0.1,0.1,61,"om","4","opaka-sim"
1,"Comm",1,1,1,51.7586,0.1,0.1,62,"om","4","opaka-sim"
1,"Comm",1,1,1,52.5581,0.1,0.1,63,"om","4","opaka-sim"
1,"Comm",1,1,1,53.0805,0.1,0.1,64,"om","4","opaka-sim"
1,"Comm",1,1,1,56.9561,0.1,0.1,65,"om","4","opaka-sim"
1,"Comm",1,1,1,57.0184,0.1,0.1,66,"om","4","opaka-sim"
1,"Comm",1,1,1,56.1872,0.1,0.1,67,"om","4","opaka-sim"
1,"Comm",1,1,1,56.5728,0.1,0.1,68,"om","4","opaka-sim"
1,"Comm",1,1,1,56.3361,0.1,0.1,69,"om","4","opaka-sim"
1,"Comm",1,1,1,58.2154,0.1,0.1,70,"om","4","opaka-sim"
1,"Comm",1,1,1,60.4353,0.1,0.1,71,"om","4","opaka-sim"
1,"Comm",1,1,1,63.0689,0.1,0.1,72,"om","4","opaka-sim"
1,"Comm",1,1,1,62.0727,0.1,0.1,73,"om","4","opaka-sim"
1,"Comm",1,1,1,62.6637,0.1,0.1,74,"om","4","opaka-sim"
1,"Comm",1,1,1,64.01,0.1,0.1,75,"om","4","opaka-sim"
3,"ResFish",1,1,1,2.02763,0.1,0.1,69,"om","4","opaka-sim"
3,"ResFish",1,1,1,2.19451,0.1,0.1,70,"om","4","opaka-sim"
3,"ResFish",1,1,1,2.42481,0.1,0.1,71,"om","4","opaka-sim"
3,"ResFish",1,1,1,2.4225,0.1,0.1,72,"om","4","opaka-sim"
3,"ResFish",1,1,1,2.3166,0.1,0.1,73,"om","4","opaka-sim"
3,"ResFish",1,1,1,2.25722,0.1,0.1,74,"om","4","opaka-sim"
3,"ResFish",1,1,1,2.61887,0.1,0.1,75,"om","4","opaka-sim"
1,"Comm",1,1,87.8429,86.5602,0.13,0.13,1,"em","5","opaka-sim"
1,"Comm",1,1,81.5291,84.8615,0.13,0.13,2,"em","5","opaka-sim"
1,"Comm",1,1,69.5227,82.7097,0.13,0.13,3,"em","5","opaka-sim"
1,"Comm",1,1,70.0481,79.9542,0.13,0.13,4,"em","5","opaka-sim"
1,"Comm",1,1,69.7897,78.8344,0.13,0.13,5,"em","5","opaka-sim"
1,"Comm",1,1,81.0327,77.2523,0.13,0.13,6,"em","5","opaka-sim"
1,"Comm",1,1,75.9699,75.4845,0.13,0.13,7,"em","5","opaka-sim"
1,"Comm",1,1,78.6629,73.8056,0.13,0.13,8,"em","5","opaka-sim"
1,"Comm",1,1,78.9568,72.0228,0.13,0.13,9,"em","5","opaka-sim"
1,"Comm",1,1,57.088,70.4818,0.13,0.13,10,"em","5","opaka-sim"
1,"Comm",1,1,70.3811,68.8881,0.13,0.13,11,"em","5","opaka-sim"
1,"Comm",1,1,70.4294,67.4141,0.13,0.13,12,"em","5","opaka-sim"
1,"Comm",1,1,76.2324,65.9154,0.13,0.13,13,"em","5","opaka-sim"
1,"Comm",1,1,60.463,63.8175,0.13,0.13,14,"em","5","opaka-sim"
1,"Comm",1,1,57.9507,61.479,0.13,0.13,15,"em","5","opaka-sim"
1,"Comm",1,1,65.8174,59.0557,0.13,0.13,16,"em","5","opaka-sim"
1,"Comm",1,1,55.7254,56.3533,0.13,0.13,17,"em","5","opaka-sim"
1,"Comm",1,1,52.572,53.6542,0.13,0.13,18,"em","5","opaka-sim"
1,"Comm",1,1,43.2293,51.1205,0.13,0.13,19,"em","5","opaka-sim"
1,"Comm",1,1,71.8762,48.6384,0.13,0.13,20,"em","5","opaka-sim"
1,"Comm",1,1,40.3198,45.9033,0.13,0.13,21,"em","5","opaka-sim"
1,"Comm",1,1,42.8095,43.3478,0.13,0.13,22,"em","5","opaka-sim"
1,"Comm",1,1,38.4539,41.3391,0.13,0.13,23,"em","5","opaka-sim"
1,"Comm",1,1,28.4887,40.459,0.13,0.13,24,"em","5","opaka-sim"
1,"Comm",1,1,44.5101,41.6587,0.13,0.13,25,"em","5","opaka-sim"
1,"Comm",1,1,48.4055,42.2052,0.13,0.13,26,"em","5","opaka-sim"
1,"Comm",1,1,47.4813,41.674,0.13,0.13,27,"em","5","opaka-sim"
1,"Comm",1,1,48.758,40.4161,0.13,0.13,28,"em","5","opaka-sim"
1,"Comm",1,1,33.5473,38.4407,0.13,0.13,29,"em","5","opaka-sim"
1,"Comm",1,1,35.4547,36.2527,0.13,0.13,30,"em","5","opaka-sim"
1,"Comm",1,1,32.0124,34.098,0.13,0.13,31,"em","5","opaka-sim"
1,"Comm",1,1,43.1101,32.0898,0.13,0.13,32,"em","5","opaka-sim"
1,"Comm",1,1,27.6743,29.9929,0.13,0.13,33,"em","5","opaka-sim"
1,"Comm",1,1,24.8448,27.8685,0.13,0.13,34,"em","5","opaka-sim"
1,"Comm",1,1,24.3598,26.361,0.13,0.13,35,"em","5","opaka-sim"
1,"Comm",1,1,27.6469,25.667,0.13,0.13,36,"em","5","opaka-sim"
1,"Comm",1,1,24.8164,25.1835,0.13,0.13,37,"em","5","opaka-sim"
1,"Comm",1,1,24.5651,25.0493,0.13,0.13,38,"em","5","opaka-sim"
1,"Comm",1,1,24.5548,25.2032,0.13,0.13,39,"em","5","opaka-sim"
1,"Comm",1,1,23.993,25.546,0.13,0.13,40,"em","5","opaka-sim"
1,"Comm",1,1,28.033,26.1644,0.13,0.13,41,"em","5","opaka-sim"
1,"Comm",1,1,24.5296,26.9892,0.13,0.13,42,"em","5","opaka-sim"
1,"Comm",1,1,25.2558,28.608,0.13,0.13,43,"em","5","opaka-sim"
1,"Comm",1,1,31.2855,31.6734,0.13,0.13,44,"em","5","opaka-sim"
1,"Comm",1,1,39.6313,34.4632,0.13,0.13,45,"em","5","opaka-sim"
1,"Comm",1,1,37.5192,35.2042,0.13,0.13,46,"em","5","opaka-sim"
1,"Comm",1,1,36.6619,34.8282,0.13,0.13,47,"em","5","opaka-sim"
1,"Comm",1,1,35.0332,34.2324,0.13,0.13,48,"em","5","opaka-sim"
1,"Comm",1,1,30.708,33.602,0.13,0.13,49,"em","5","opaka-sim"
1,"Comm",1,1,28.3236,33.439,0.13,0.13,50,"em","5","opaka-sim"
1,"Comm",1,1,31.4087,33.333,0.13,0.13,51,"em","5","opaka-sim"
1,"Comm",1,1,34.001,35.2317,0.13,0.13,52,"em","5","opaka-sim"
1,"Comm",1,1,47.1036,37.184,0.13,0.13,53,"em","5","opaka-sim"
1,"Comm",1,1,32.3214,37.7022,0.13,0.13,54,"em","5","opaka-sim"
1,"Comm",1,1,39.809,37.9562,0.13,0.13,55,"em","5","opaka-sim"
1,"Comm",1,1,42.1474,38.1558,0.13,0.13,56,"em","5","opaka-sim"
1,"Comm",1,1,36.3724,38.2739,0.13,0.13,57,"em","5","opaka-sim"
1,"Comm",1,1,33.0575,39.4526,0.13,0.13,58,"em","5","opaka-sim"
1,"Comm",1,1,50.6979,44.0693,0.13,0.13,59,"em","5","opaka-sim"
1,"Comm",1,1,54.2632,46.7558,0.13,0.13,60,"em","5","opaka-sim"
1,"Comm",1,1,45.5713,47.6064,0.13,0.13,61,"em","5","opaka-sim"
1,"Comm",1,1,47.3982,47.771,0.13,0.13,62,"em","5","opaka-sim"
1,"Comm",1,1,47.8226,47.521,0.13,0.13,63,"em","5","opaka-sim"
1,"Comm",1,1,48.0978,47.0484,0.13,0.13,64,"em","5","opaka-sim"
1,"Comm",1,1,45.4654,46.2622,0.13,0.13,65,"em","5","opaka-sim"
1,"Comm",1,1,49.3143,46.6178,0.13,0.13,66,"em","5","opaka-sim"
1,"Comm",1,1,44.4676,46.3528,0.13,0.13,67,"em","5","opaka-sim"
1,"Comm",1,1,50.4805,49.8703,0.13,0.13,68,"em","5","opaka-sim"
1,"Comm",1,1,50.5845,57.4455,0.13,0.13,69,"em","5","opaka-sim"
1,"Comm",1,1,62.6649,61.6629,0.13,0.13,70,"em","5","opaka-sim"
1,"Comm",1,1,70.6567,62.8327,0.13,0.13,71,"em","5","opaka-sim"
1,"Comm",1,1,66.4683,62.657,0.13,0.13,72,"em","5","opaka-sim"
1,"Comm",1,1,70.1996,65.7058,0.13,0.13,73,"em","5","opaka-sim"
1,"Comm",1,1,77.0488,64.6511,0.13,0.13,74,"em","5","opaka-sim"
1,"Comm",1,1,62.541,62.3712,0.13,0.13,75,"em","5","opaka-sim"
3,"ResFish",1,1,3.06941,3.0424,0.25,0.25,69,"em","5","opaka-sim"
3,"ResFish",1,1,2.28862,2.88703,0.25,0.25,70,"em","5","opaka-sim"
3,"ResFish",1,1,1.72766,2.43481,0.25,0.25,71,"em","5","opaka-sim"
3,"ResFish",1,1,3.58888,2.41773,0.25,0.25,72,"em","5","opaka-sim"
3,"ResFish",1,1,2.56576,2.5024,0.25,0.25,73,"em","5","opaka-sim"
3,"ResFish",1,1,2.5051,2.25488,0.25,0.25,74,"em","5","opaka-sim"
3,"ResFish",1,1,2.14179,2.05515,0.25,0.25,75,"em","5","opaka-sim"
1,"Comm",1,1,1,90.2112,0.1,0.1,1,"om","5","opaka-sim"
1,"Comm",1,1,1,87.9309,0.1,0.1,2,"om","5","opaka-sim"
1,"Comm",1,1,1,84.7863,0.1,0.1,3,"om","5","opaka-sim"
1,"Comm",1,1,1,80.3521,0.1,0.1,4,"om","5","opaka-sim"
1,"Comm",1,1,1,79.0025,0.1,0.1,5,"om","5","opaka-sim"
1,"Comm",1,1,1,75.2425,0.1,0.1,6,"om","5","opaka-sim"
1,"Comm",1,1,1,73.5055,0.1,0.1,7,"om","5","opaka-sim"
1,"Comm",1,1,1,71.1009,0.1,0.1,8,"om","5","opaka-sim"
1,"Comm",1,1,1,69.9573,0.1,0.1,9,"om","5","opaka-sim"
1,"Comm",1,1,1,67.6246,0.1,0.1,10,"om","5","opaka-sim"
1,"Comm",1,1,1,63.8325,0.1,0.1,11,"om","5","opaka-sim"
1,"Comm",1,1,1,60.9389,0.1,0.1,12,"om","5","opaka-sim"
1,"Comm",1,1,1,62.0466,0.1,0.1,13,"om","5","opaka-sim"
1,"Comm",1,1,1,59.6001,0.1,0.1,14,"om","5","opaka-sim"
1,"Comm",1,1,1,56.2597,0.1,0.1,15,"om","5","opaka-sim"
1,"Comm",1,1,1,53.1066,0.1,0.1,16,"om","5","opaka-sim"
1,"Comm",1,1,1,52.544,0.1,0.1,17,"om","5","opaka-sim"
1,"Comm",1,1,1,50.9073,0.1,0.1,18,"om","5","opaka-sim"
1,"Comm",1,1,1,48.6161,0.1,0.1,19,"om","5","opaka-sim"
1,"Comm",1,1,1,46.7858,0.1,0.1,20,"om","5","opaka-sim"
1,"Comm",1,1,1,44.7709,0.1,0.1,21,"om","5","opaka-sim"
1,"Comm",1,1,1,41.7207,0.1,0.1,22,"om","5","opaka-sim"
1,"Comm",1,1,1,41.0102,0.1,0.1,23,"om","5","opaka-sim"
1,"Comm",1,1,1,41.2715,0.1,0.1,24,"om","5","opaka-sim"
1,"Comm",1,1,1,42.8366,0.1,0.1,25,"om","5","opaka-sim"
1,"Comm",1,1,1,43.3895,0.1,0.1,26,"om","5","opaka-sim"
1,"Comm",1,1,1,41.0379,0.1,0.1,27,"om","5","opaka-sim"
1,"Comm",1,1,1,39.4886,0.1,0.1,28,"om","5","opaka-sim"
1,"Comm",1,1,1,40.1718,0.1,0.1,29,"om","5","opaka-sim"
1,"Comm",1,1,1,38.4784,0.1,0.1,30,"om","5","opaka-sim"
1,"Comm",1,1,1,35.329,0.1,0.1,31,"om","5","opaka-sim"
1,"Comm",1,1,1,34.8259,0.1,0.1,32,"om","5","opaka-sim"
1,"Comm",1,1,1,33.6568,0.1,0.1,33,"om","5","opaka-sim"
1,"Comm",1,1,1,30.4435,0.1,0.1,34,"om","5","opaka-sim"
1,"Comm",1,1,1,27.3805,0.1,0.1,35,"om","5","opaka-sim"
1,"Comm",1,1,1,25.7444,0.1,0.1,36,"om","5","opaka-sim"
1,"Comm",1,1,1,24.8989,0.1,0.1,37,"om","5","opaka-sim"
1,"Comm",1,1,1,23.676,0.1,0.1,38,"om","5","opaka-sim"
1,"Comm",1,1,1,24.8321,0.1,0.1,39,"om","5","opaka-sim"
1,"Comm",1,1,1,25.6576,0.1,0.1,40,"om","5","opaka-sim"
1,"Comm",1,1,1,25.8498,0.1,0.1,41,"om","5","opaka-sim"
1,"Comm",1,1,1,27.0301,0.1,0.1,42,"om","5","opaka-sim"
1,"Comm",1,1,1,28.8569,0.1,0.1,43,"om","5","opaka-sim"
1,"Comm",1,1,1,30.6014,0.1,0.1,44,"om","5","opaka-sim"
1,"Comm",1,1,1,36.2985,0.1,0.1,45,"om","5","opaka-sim"
1,"Comm",1,1,1,38.2855,0.1,0.1,46,"om","5","opaka-sim"
1,"Comm",1,1,1,37.6929,0.1,0.1,47,"om","5","opaka-sim"
1,"Comm",1,1,1,36.5568,0.1,0.1,48,"om","5","opaka-sim"
1,"Comm",1,1,1,37.4076,0.1,0.1,49,"om","5","opaka-sim"
1,"Comm",1,1,1,38.4604,0.1,0.1,50,"om","5","opaka-sim"
1,"Comm",1,1,1,36.3285,0.1,0.1,51,"om","5","opaka-sim"
1,"Comm",1,1,1,35.0141,0.1,0.1,52,"om","5","opaka-sim"
1,"Comm",1,1,1,33.3456,0.1,0.1,53,"om","5","opaka-sim"
1,"Comm",1,1,1,32.9646,0.1,0.1,54,"om","5","opaka-sim"
1,"Comm",1,1,1,36.5083,0.1,0.1,55,"om","5","opaka-sim"
1,"Comm",1,1,1,37.8761,0.1,0.1,56,"om","5","opaka-sim"
1,"Comm",1,1,1,39.197,0.1,0.1,57,"om","5","opaka-sim"
1,"Comm",1,1,1,41.1021,0.1,0.1,58,"om","5","opaka-sim"
1,"Comm",1,1,1,42.9676,0.1,0.1,59,"om","5","opaka-sim"
1,"Comm",1,1,1,45.5095,0.1,0.1,60,"om","5","opaka-sim"
1,"Comm",1,1,1,46.0579,0.1,0.1,61,"om","5","opaka-sim"
1,"Comm",1,1,1,46.993,0.1,0.1,62,"om","5","opaka-sim"
1,"Comm",1,1,1,45.863,0.1,0.1,63,"om","5","opaka-sim"
1,"Comm",1,1,1,45.311,0.1,0.1,64,"om","5","opaka-sim"
1,"Comm",1,1,1,46.3191,0.1,0.1,65,"om","5","opaka-sim"
1,"Comm",1,1,1,45.77,0.1,0.1,66,"om","5","opaka-sim"
1,"Comm",1,1,1,44.8316,0.1,0.1,67,"om","5","opaka-sim"
1,"Comm",1,1,1,48.4198,0.1,0.1,68,"om","5","opaka-sim"
1,"Comm",1,1,1,57.6886,0.1,0.1,69,"om","5","opaka-sim"
1,"Comm",1,1,1,64.3001,0.1,0.1,70,"om","5","opaka-sim"
1,"Comm",1,1,1,66.7764,0.1,0.1,71,"om","5","opaka-sim"
1,"Comm",1,1,1,67.4728,0.1,0.1,72,"om","5","opaka-sim"
1,"Comm",1,1,1,73.1738,0.1,0.1,73,"om","5","opaka-sim"
1,"Comm",1,1,1,73.6637,0.1,0.1,74,"om","5","opaka-sim"
1,"Comm",1,1,1,73.1206,0.1,0.1,75,"om","5","opaka-sim"
3,"ResFish",1,1,1,2.86848,0.1,0.1,69,"om","5","opaka-sim"
3,"ResFish",1,1,1,3.06741,0.1,0.1,70,"om","5","opaka-sim"
3,"ResFish",1,1,1,2.70839,0.1,0.1,71,"om","5","opaka-sim"
3,"ResFish",1,1,1,2.62275,0.1,0.1,72,"om","5","opaka-sim"
3,"ResFish",1,1,1,2.78029,0.1,0.1,73,"om","5","opaka-sim"
3,"ResFish",1,1,1,2.81978,0.1,0.1,74,"om","5","opaka-sim"
3,"ResFish",1,1,1,2.74824,0.1,0.1,75,"om","5","opaka-sim"
